一级功能,二级功能,三级功能,四级功能,功能说明,优先级,开发周期,负责团队,验收标准
系统集成,i国网集成,权限同步,权限数据获取,从i国网权限控制系统获取用户权限数据,高,1周,后端,权限数据同步准确
,,,角色信息同步,同步用户角色和岗位信息,高,1周,后端,角色信息完整准确
,,,权限实时校验,实时校验用户操作权限,高,1周,后端,权限校验100%准确
,,用户信息,基本信息展示,显示从i国网同步的用户基本信息,高,1周,前端,信息显示准确完整
,,,信息更新通知,当i国网用户信息变更时同步更新,中,1周,后端,信息更新及时
智能工作台,首页概览,任务统计卡片,今日待办任务,显示当日待处理任务数量，红色徽章提醒,高,1周,前端,数据统计准确
,,,进行中任务,显示当前正在处理的任务数量，橙色进度提示,高,1周,前端,状态显示正确
,,,已完成任务,显示当日已完成任务数量，绿色成就展示,高,1周,前端,完成数据准确
,,,任务详情跳转,点击统计卡片跳转至对应任务列表,高,0.5周,前端,跳转功能正常
,,数据健康分,质量评分显示,显示个人网格数据质量总分(0-100分),高,1周,前端+后端,评分计算准确
,,,趋势变化展示,显示环比昨日变化趋势(↑↓箭头+百分比),高,1周,前端+后端,趋势计算正确
,,,雷达图分析,显示分数构成雷达图(完整性、准确性、一致性等),中,1周,前端,雷达图显示美观
,,,详细报告查看,点击查看数据质量详细分析报告,中,1周,前端,报告内容详细
,,激励展示,等级进度展示,显示当前等级和经验进度条,高,1周,前端,等级显示准确
,,,排名变化,显示本周排名变化提示,中,1周,前端+后端,排名数据准确
,,,荣誉墙入口,点击进入完整荣誉墙页面,中,0.5周,前端,页面跳转正常
,任务管理,任务列表,高优先级任务,高优先级任务置顶显示，红色标识,高,1周,前端+后端,优先级排序正确
,,,AI推荐任务,AI智能推荐的任务，蓝色AI图标标识,高,2周,前端+AI,推荐算法准确
,,,临近截止任务,即将到期的任务，橙色时钟图标提醒,高,1周,前端+后端,截止时间提醒准确
,,,简单任务,可快速处理的任务，绿色快速处理标识,中,1周,前端+后端,任务分类准确
,,任务详情,任务基本信息,显示任务标题、描述、类型等基本信息,高,1周,前端,信息显示完整
,,,时间和难度,显示预估耗时和难度等级,高,1周,前端+后端,时间难度评估准确
,,,位置信息,显示任务地址和距离，支持路线规划,高,1周,前端+地图,位置信息准确
,,,奖励预览,显示完成任务可获得的积分奖励,中,1周,前端+后端,奖励计算正确
,,任务执行,智能接单,根据任务地址与网格员当前位置距离进行智能推荐接单,高,2周,前端+AI+地图,推荐接单准确率>85%
,,,任务接受,支持一键接受推荐或自主选择的任务,高,1周,前端+后端,任务接受流程顺畅
,,,执行记录,记录任务执行过程和关键节点,高,1周,前端+后端,执行记录完整
,,,进度更新,支持任务进度实时更新,高,1周,前端+后端,进度同步及时
,,,任务提交,支持任务完成后提交审核,高,1周,前端+后端,提交流程完整
,快捷操作,一键功能,一键扫描,直接启动相机进行证照识别,高,1周,前端,扫描启动快速
,,,语音助手,语音唤醒AI助手进行对话,中,2周,前端+AI,语音识别准确
,,,附近任务,基于位置显示附近任务地图,中,1周,前端+地图,位置定位准确
,,,今日总结,自动生成工作日报并支持分享,中,1周,前端+后端,日报生成准确
AI智能功能,慧眼扫描,扫描界面,相机取景器,全屏相机界面，中央扫描框设计,高,1周,前端,界面设计美观
,,,扫描引导,提供证照类型选择和拍摄指导,高,1周,前端,引导信息清晰
,,,画质检测,实时检测画质并给出拍摄建议。判定逻辑：基于图像清晰度、光照条件、角度偏移三个维度评分,中,1周,前端+AI,检测准确率>90%
,,,多张拍摄,支持多张照片拍摄和管理,中,1周,前端,拍摄功能完整
,,OCR识别,身份证识别,支持身份证正反面信息识别。算法逻辑：基于深度学习模型识别关键字段区域后OCR提取,高,2周,AI+后端,识别准确率>95%
,,,营业执照识别,支持营业执照关键信息提取。算法逻辑：定位企业名称、统一社会信用代码等关键区域后OCR识别,高,2周,AI+后端,识别准确率>95%
,,,合同识别,支持合同条款智能解析。算法逻辑：基于NLP模型识别关键条款类型，提取合同要素,高,2周,AI+后端,识别准确率>90%
,,,手写识别,支持手写文字识别。算法逻辑：基于手写体训练模型，支持连笔字和不规范书写识别,中,2周,AI+后端,识别准确率>85%
,,数据校验,实时比对,与系统原数据实时比对,高,1周,前端+后端,比对准确率100%
,,,差异高亮,字段级差异高亮显示,高,1周,前端,差异标记清晰
,,,置信度评分,显示识别结果置信度评分。判定逻辑：基于模型输出概率、字符清晰度、上下文一致性三重评估(0-100分),中,1周,AI+前端,置信度计算准确
,,,修正建议,提供智能修正建议。算法逻辑：基于历史数据纠错模式和语义分析提供候选修正方案,中,2周,AI+前端,建议准确率>80%
,,结果处理,对比展示,左右分屏对比显示原数据和识别结果,高,1周,前端,对比界面清晰
,,,一键采纳,支持一键采纳扫描识别结果,高,0.5周,前端,采纳功能正常
,,,手动编辑,支持手动编辑修正识别结果,高,1周,前端,编辑功能完整
,,,结果保存,支持保存处理后的结果,高,1周,前端+后端,保存功能可靠
,智能助手,对话界面,聊天界面,仿微信气泡式对话界面设计,高,1周,前端,界面美观易用
,,,多模态交互,支持文字、图片、语音多种交互方式,中,2周,前端+AI,交互方式丰富
,,,历史记录,支持历史对话记录查看和收藏,中,1周,前端+后端,记录保存完整
,,智能服务,常用问题,提供常用问题快捷按钮网格,高,1周,前端,按钮功能完整
,,,语音交互,支持语音输入和文字输入切换,中,1周,前端+AI,语音识别准确
,,,功能推荐,根据用户行为推荐相关功能。算法逻辑：基于用户操作轨迹和任务类型进行协同过滤推荐,中,2周,AI+前端,推荐准确率>70%
,,,任务协助,提供任务执行步骤指导,高,2周,AI+前端,指导内容准确
,,,经验分享,推荐相似历史案例和最佳实践,中,2周,AI+后端,案例推荐相关性高
,,,问题解决,提供常见问题解决方案,高,2周,AI+前端,解决方案有效
,,,数据分析,提供个人绩效趋势分析,中,2周,AI+后端,分析结果准确
,智能派单,算法引擎,优先级排序,基于任务紧急程度、重要性、截止时间等因素智能排序。算法逻辑：采用多目标优化算法，权重分配-紧急度40%+重要性30%+时间因子30%,高,2周,AI+后端,排序准确率>90%
,,,业务分类,根据任务业务类型进行智能分类派发。算法逻辑：基于任务描述NLP分析和历史分类数据训练的分类模型,高,2周,AI+后端,分类准确率>85%
,,,负载均衡,考虑网格员当前工作负载进行合理分配。算法逻辑：基于实时任务数量、完成率、工作时长综合评估负载指数,高,2周,AI+后端,负载评估准确
,,,历史效率,基于历史完成效率进行任务匹配。算法逻辑：分析网格员过往同类任务完成时间、质量评分建立效率画像,中,2周,AI+后端,效率评估准确
,,派单管理,推荐列表,显示AI推荐的任务分配方案,高,1周,前端,列表显示清晰
,,,推荐理由,显示推荐每个分配方案的具体理由,高,1周,前端+AI,理由说明清楚
,,,一键派发,支持管理员一键确认派发任务,高,1周,前端+后端,派发功能可靠
,,,状态跟踪,实时跟踪任务派发和执行状态,高,1周,前端+后端,状态更新及时
数据驾驶舱,GIS地图,地图展示,底图显示,基于高德地图的清晰底图显示,高,1周,前端+地图,地图显示清晰
,,,区域标识,行政区域边界清晰标识,高,1周,前端+地图,边界显示准确
,,,热力图,数据质量分布热力图显示,高,2周,前端+后端,热力图渲染准确
,,,人员位置,实时网格员位置图标显示,高,1周,前端+后端,位置更新及时
,,地图操作,交互功能,支持地图缩放、平移、图层切换操作,高,1周,前端,操作流畅
,,,区域查询,点击区域查看详细数据,高,1周,前端+后端,数据展示准确
,,,人员筛选,支持网格员状态筛选显示,中,1周,前端,筛选功能正常
,,,任务密度,可视化显示任务密度分布,中,1周,前端+后端,密度计算准确
,数据分析,核心指标,质量评分,显示数据质量总体评分,高,1周,前端+后端,评分计算准确
,,,完成率统计,显示任务完成率统计,高,1周,前端+后端,完成率计算准确
,,,效率指标,显示AI处理效率和人员工作效率指标,中,1周,前端+后端,效率计算准确
,,,活跃度分析,显示人员活跃度分析,中,1周,前端+后端,活跃度统计准确
,,可视化图表,趋势分析,数据质量变化趋势线图,高,1周,前端,图表显示美观
,,,完成情况,任务完成情况柱状图,高,1周,前端,图表数据准确
,,,绩效排名,人员绩效排名表显示,高,1周,前端+后端,排名计算准确
,,,问题分布,问题分类分布饼图,中,1周,前端,图表显示清晰
绩效管理,团队管理,团队概览,显示团队整体KPI指标,高,1周,前端+后端,统计数据准确
,,,成员对比,团队成员绩效对比分析,高,1周,前端+后端,对比数据准确
,,,趋势分析,团队绩效趋势分析,中,1周,前端+后端,趋势分析准确
,,个人绩效,绩效详情,查看个人详细绩效数据,高,1周,前端+后端,绩效数据完整
,,,任务完成,显示个人任务完成情况,高,1周,前端+后端,完成情况准确
,,,质量评分,显示个人数据质量评分,高,1周,前端+后端,质量评分准确
,,督办管理,任务督办,支持一键发送任务督办提醒,高,1周,前端+后端,督办功能可用
,,,进度跟踪,跟踪督办任务的执行进度,高,1周,前端+后端,跟踪数据准确
,,,反馈收集,收集督办任务的执行反馈,中,1周,前端+后端,反馈收集完整
激励体系,等级系统,等级设计,等级划分,设计6个等级：新手守护者、初级守护者、中级守护者、高级守护者、专家守护者、传奇守护者,高,1周,前端+后端,等级设计合理
,,,经验规则,制定经验获取和升级规则,高,1周,后端,规则设计平衡
,,,进度展示,显示当前等级和升级进度,高,1周,前端,进度显示清晰
,,,升级奖励,等级提升时给予奖励和特权,中,1周,前端+后端,奖励发放准确
,排行榜系统,个人排名,周排名,显示个人周度绩效排名,高,1周,前端+后端,排名计算准确
,,,月排名,显示个人月度绩效排名,高,1周,前端+后端,排名数据准确
,,,年度排名,显示个人年度绩效排名,中,1周,前端+后端,排名统计准确
,,团队排名,团队对比,显示团队间绩效排名对比,高,1周,前端+后端,对比数据准确
,,,部门排名,显示部门间绩效排名,中,1周,前端+后端,部门排名准确
,,,区域排名,显示区域间绩效排名,中,1周,前端+后端,区域排名准确
系统支撑,用户引导,新手引导,功能介绍,新用户首次使用的功能介绍,高,2周,前端,引导内容清晰
,,,操作指导,关键操作的步骤指导,高,2周,前端,指导步骤详细
,,,交互教程,可互动的功能使用教程,中,2周,前端,教程内容实用
,,帮助系统,常见问题,整理和展示常见问题解答,中,1周,前端,问题覆盖全面
,,,操作手册,详细的功能操作手册,中,2周,前端,手册内容详细
,,,视频教程,关键功能的视频演示教程,低,2周,前端,视频质量清晰
,消息中心,系统通知,任务通知,任务分配、完成等状态通知,高,1周,前端+后端,通知及时准确
,,,系统公告,重要系统公告和更新通知,高,1周,前端+后端,公告显示醒目
,,,活动通知,系统活动和奖励通知,中,1周,前端+后端,活动信息准确
,,推送管理,通知设置,支持各类通知的开关设置,中,1周,前端,设置保存有效
,,,推送时间,支持设置通知推送时间段,中,1周,前端+后端,时间设置生效
,,,免打扰模式,支持免打扰模式设置,中,1周,前端,免打扰功能正常
,应用设置,基础配置,语言设置,支持多语言切换(中文、英文),低,1周,前端,语言切换正常
,,,主题设置,支持浅色/深色主题切换,中,1周,前端,主题切换流畅
,,,字体大小,支持字体大小调节,中,1周,前端,字体调节生效
,,系统维护,缓存管理,支持清理应用缓存,中,1周,前端,缓存清理彻底
,,,数据同步,支持数据同步设置和管理,高,1周,前端+后端,同步功能可靠
,,,版本更新,支持应用版本检查和更新,中,1周,前端+后端,更新功能正常 